num_recreated_workers,episode_reward_max,episode_reward_min,episode_reward_mean,episode_len_mean,episodes_this_iter,num_faulty_episodes,num_healthy_workers,num_agent_steps_sampled,num_agent_steps_trained,num_env_steps_sampled,num_env_steps_trained,num_env_steps_sampled_this_iter,num_env_steps_trained_this_iter,timesteps_total,num_steps_trained_this_iter,agent_timesteps_total,done,episodes_total,training_iteration,trial_id,experiment_id,date,timestamp,time_this_iter_s,time_total_s,pid,hostname,node_ip,time_since_restore,timesteps_since_restore,iterations_since_restore,warmup_time,info/num_env_steps_sampled,info/num_env_steps_trained,info/num_agent_steps_sampled,info/num_agent_steps_trained,sampler_results/episode_reward_max,sampler_results/episode_reward_min,sampler_results/episode_reward_mean,sampler_results/episode_len_mean,sampler_results/episodes_this_iter,sampler_results/num_faulty_episodes,hist_stats/episode_reward,hist_stats/episode_lengths,timers/training_iteration_time_ms,timers/learn_time_ms,timers/learn_throughput,timers/synch_weights_time_ms,counters/num_env_steps_sampled,counters/num_env_steps_trained,counters/num_agent_steps_sampled,counters/num_agent_steps_trained,perf/cpu_util_percent,perf/ram_util_percent,sampler_results/hist_stats/episode_reward,sampler_results/hist_stats/episode_lengths,info/learner/agent_1/learner_stats/cur_kl_coeff,info/learner/agent_1/learner_stats/cur_lr,info/learner/agent_1/learner_stats/total_loss,info/learner/agent_1/learner_stats/policy_loss,info/learner/agent_1/learner_stats/vf_loss,info/learner/agent_1/learner_stats/vf_explained_var,info/learner/agent_1/learner_stats/kl,info/learner/agent_1/learner_stats/entropy,info/learner/agent_1/learner_stats/entropy_coeff,info/learner/agent_0/learner_stats/cur_kl_coeff,info/learner/agent_0/learner_stats/cur_lr,info/learner/agent_0/learner_stats/total_loss,info/learner/agent_0/learner_stats/policy_loss,info/learner/agent_0/learner_stats/vf_loss,info/learner/agent_0/learner_stats/vf_explained_var,info/learner/agent_0/learner_stats/kl,info/learner/agent_0/learner_stats/entropy,info/learner/agent_0/learner_stats/entropy_coeff
0,nan,nan,nan,nan,0,0,13,12818,12818,6409,6409,6409,6409,6409,6409,12818,False,0,1,46232_00000,faaa0e2bcc8049d9affe43b928cab743,2022-12-17_15-00-53,1671289253,93.99037408828735,93.99037408828735,3349,3dc8d5e2a387,172.17.0.2,93.99037408828735,0,1,41.18534517288208,6409,6409,12818,12818,nan,nan,nan,nan,0,0,[],[],93984.842,87542.226,73.21,18.749,6409,6409,12818,12818,27.22835820895522,25.37537313432836,[],[],0.20000000298023224,4.999999873689376e-05,0.015044662,-0.08660283,0.09582409,-0.60107857,0.029117025,1.9304707,0.0,0.20000000298023224,4.999999873689376e-05,0.0071115047,-0.09262432,0.09383874,-0.62959474,0.029485488,1.8919797,0.0
0,nan,nan,nan,nan,0,0,13,25636,25636,12818,12818,6409,6409,12818,6409,25636,False,0,2,46232_00000,faaa0e2bcc8049d9affe43b928cab743,2022-12-17_15-02-24,1671289344,90.48987746238708,184.48025155067444,3349,3dc8d5e2a387,172.17.0.2,184.48025155067444,0,2,41.18534517288208,12818,12818,25636,25636,nan,nan,nan,nan,0,0,[],[],92207.014,86528.6,74.068,19.385,12818,12818,25636,25636,26.3062015503876,25.807751937984502,[],[],0.30000001192092896,4.999999873689376e-05,-0.05106623,-0.11931971,0.05751032,-0.5608452,0.03581053,1.9080892,0.0,0.30000001192092896,4.999999873689376e-05,-0.04251232,-0.116967075,0.06477096,-0.55549884,0.032279324,1.8707914,0.0
0,13.55595238095238,0.0,5.354719183242576,1187.888888888889,9,0,13,38454,38454,19227,19227,6409,6409,19227,6409,38454,False,9,3,46232_00000,faaa0e2bcc8049d9affe43b928cab743,2022-12-17_15-03-54,1671289434,90.64103174209595,275.1212832927704,3349,3dc8d5e2a387,172.17.0.2,275.1212832927704,0,3,41.18534517288208,19227,19227,38454,38454,13.55595238095238,0.0,5.354719183242576,1187.888888888889,9,0,"[5.9907407407407405, 0.0, 9.316223250433776, 5.496103896103897, 13.55595238095238, 0.0, 2.4642857142857144, 6.066666666666667, 5.3025]","[1299, 1099, 1399, 1299, 1099, 1099, 1099, 1099, 1199]",91664.06,86186.914,74.362,19.436,19227,19227,38454,38454,26.3968992248062,25.642635658914728,"[5.9907407407407405, 0.0, 9.316223250433776, 5.496103896103897, 13.55595238095238, 0.0, 2.4642857142857144, 6.066666666666667, 5.3025]","[1299, 1099, 1399, 1299, 1099, 1099, 1099, 1099, 1199]",0.44999998807907104,4.999999873689376e-05,-0.06754468,-0.119736455,0.03850932,-0.78517944,0.03040547,1.9206983,0.0,0.44999998807907104,4.999999873689376e-05,-0.1177885,-0.15667737,0.025119971,-0.78411585,0.030597541,1.8554558,0.0
0,13.55595238095238,0.0,5.354719183242576,1187.888888888889,0,0,13,51272,51272,25636,25636,6409,6409,25636,6409,51272,False,9,4,46232_00000,faaa0e2bcc8049d9affe43b928cab743,2022-12-17_15-05-25,1671289525,90.21937274932861,365.340656042099,3349,3dc8d5e2a387,172.17.0.2,365.340656042099,0,4,41.18534517288208,25636,25636,51272,51272,13.55595238095238,0.0,5.354719183242576,1187.888888888889,0,0,"[5.9907407407407405, 0.0, 9.316223250433776, 5.496103896103897, 13.55595238095238, 0.0, 2.4642857142857144, 6.066666666666667, 5.3025]","[1299, 1099, 1399, 1299, 1099, 1099, 1099, 1099, 1199]",91287.363,85944.97,74.571,19.427,25636,25636,51272,51272,26.30234375,26.010937500000004,"[5.9907407407407405, 0.0, 9.316223250433776, 5.496103896103897, 13.55595238095238, 0.0, 2.4642857142857144, 6.066666666666667, 5.3025]","[1299, 1099, 1399, 1299, 1099, 1099, 1099, 1099, 1199]",0.675000011920929,4.999999873689376e-05,-0.07347998,-0.12750837,0.034703854,-0.679053,0.028628927,1.9051023,0.0,0.675000011920929,4.999999873689376e-05,-0.07905632,-0.13345829,0.035695896,-0.7216904,0.027712697,1.8537904,0.0
0,13.55595238095238,0.0,5.900894073429256,1280.8181818181818,2,0,13,64090,64090,32045,32045,6409,6409,32045,6409,64090,False,11,5,46232_00000,faaa0e2bcc8049d9affe43b928cab743,2022-12-17_15-06-54,1671289614,89.37552738189697,454.716183423996,3349,3dc8d5e2a387,172.17.0.2,454.716183423996,0,5,41.18534517288208,32045,32045,64090,64090,13.55595238095238,0.0,5.900894073429256,1280.8181818181818,2,0,"[5.9907407407407405, 0.0, 9.316223250433776, 5.496103896103897, 13.55595238095238, 0.0, 2.4642857142857144, 6.066666666666667, 5.3025, 11.801407742584212, 4.915954415954417]","[1299, 1099, 1399, 1299, 1099, 1099, 1099, 1099, 1199, 2299, 1099]",90893.184,85627.433,74.848,19.492,32045,32045,64090,64090,26.471653543307085,25.932283464566925,"[5.9907407407407405, 0.0, 9.316223250433776, 5.496103896103897, 13.55595238095238, 0.0, 2.4642857142857144, 6.066666666666667, 5.3025, 11.801407742584212, 4.915954415954417]","[1299, 1099, 1399, 1299, 1099, 1099, 1099, 1099, 1199, 2299, 1099]",1.0125000476837158,4.999999873689376e-05,-0.07251614,-0.14977488,0.048769627,-0.615383,0.028137399,1.8819973,0.0,1.0125000476837158,4.999999873689376e-05,-0.061276004,-0.13899292,0.049447868,-0.5834799,0.027920038,1.8572341,0.0
0,13.55595238095238,0.0,6.039039648059665,1386.5,5,0,13,76908,76908,38454,38454,6409,6409,38454,6409,76908,False,16,6,46232_00000,faaa0e2bcc8049d9affe43b928cab743,2022-12-17_15-08-24,1671289704,90.23295497894287,544.9491384029388,3349,3dc8d5e2a387,172.17.0.2,544.9491384029388,0,6,41.18534517288208,38454,38454,76908,76908,13.55595238095238,0.0,6.039039648059665,1386.5,5,0,"[5.9907407407407405, 0.0, 9.316223250433776, 5.496103896103897, 13.55595238095238, 0.0, 2.4642857142857144, 6.066666666666667, 5.3025, 11.801407742584212, 4.915954415954417, 9.384081196581196, 6.0359477124183005, 0.0, 4.479477611940299, 11.815293040293039]","[1299, 1099, 1399, 1299, 1099, 1099, 1099, 1099, 1199, 2299, 1099, 1399, 1499, 1599, 1799, 1799]",90773.359,85549.912,74.915,19.649,38454,38454,76908,76908,26.24806201550388,25.831007751937985,"[5.9907407407407405, 0.0, 9.316223250433776, 5.496103896103897, 13.55595238095238, 0.0, 2.4642857142857144, 6.066666666666667, 5.3025, 11.801407742584212, 4.915954415954417, 9.384081196581196, 6.0359477124183005, 0.0, 4.479477611940299, 11.815293040293039]","[1299, 1099, 1399, 1299, 1099, 1099, 1099, 1099, 1199, 2299, 1099, 1399, 1499, 1599, 1799, 1799]",1.5187499523162842,4.999999873689376e-05,-0.039434094,-0.12523629,0.05308285,-0.69501257,0.021543603,1.8860917,0.0,1.5187499523162842,4.999999873689376e-05,-0.063863136,-0.12978315,0.033082325,-0.65040267,0.02162152,1.8347853,0.0
0,14.919552669552669,0.0,6.487863824228585,1525.3157894736842,3,0,13,89726,89726,44863,44863,6409,6409,44863,6409,89726,False,19,7,46232_00000,faaa0e2bcc8049d9affe43b928cab743,2022-12-17_15-09-55,1671289795,90.5809383392334,635.5300767421722,3349,3dc8d5e2a387,172.17.0.2,635.5300767421722,0,7,41.18534517288208,44863,44863,89726,89726,14.919552669552669,0.0,6.487863824228585,1525.3157894736842,3,0,"[5.9907407407407405, 0.0, 9.316223250433776, 5.496103896103897, 13.55595238095238, 0.0, 2.4642857142857144, 6.066666666666667, 5.3025, 11.801407742584212, 4.915954415954417, 9.384081196581196, 6.0359477124183005, 0.0, 4.479477611940299, 11.815293040293039, 0.0, 14.919552669552669, 11.725225621835794]","[1299, 1099, 1399, 1299, 1099, 1099, 1099, 1099, 1199, 2299, 1099, 1399, 1499, 1599, 1799, 1799, 1699, 2099, 2999]",90736.8,85544.546,74.92,19.566,44863,44863,89726,89726,26.68372093023256,25.92480620155039,"[5.9907407407407405, 0.0, 9.316223250433776, 5.496103896103897, 13.55595238095238, 0.0, 2.4642857142857144, 6.066666666666667, 5.3025, 11.801407742584212, 4.915954415954417, 9.384081196581196, 6.0359477124183005, 0.0, 4.479477611940299, 11.815293040293039, 0.0, 14.919552669552669, 11.725225621835794]","[1299, 1099, 1399, 1299, 1099, 1099, 1099, 1099, 1199, 2299, 1099, 1399, 1499, 1599, 1799, 1799, 1699, 2099, 2999]",2.278125047683716,4.999999873689376e-05,-0.040948402,-0.113683715,0.037205637,-0.5996396,0.015596018,1.8865794,0.0,2.278125047683716,4.999999873689376e-05,-0.025579887,-0.115966655,0.048808035,-0.60808057,0.018251302,1.8427953,0.0
0,14.919552669552669,0.0,6.159767949812257,1613.2857142857142,2,0,13,102544,102544,51272,51272,6409,6409,51272,6409,102544,False,21,8,46232_00000,faaa0e2bcc8049d9affe43b928cab743,2022-12-17_15-11-24,1671289884,89.05213403701782,724.5822107791901,3349,3dc8d5e2a387,172.17.0.2,724.5822107791901,0,8,41.18534517288208,51272,51272,102544,102544,14.919552669552669,0.0,6.159767949812257,1613.2857142857142,2,0,"[5.9907407407407405, 0.0, 9.316223250433776, 5.496103896103897, 13.55595238095238, 0.0, 2.4642857142857144, 6.066666666666667, 5.3025, 11.801407742584212, 4.915954415954417, 9.384081196581196, 6.0359477124183005, 0.0, 4.479477611940299, 11.815293040293039, 0.0, 14.919552669552669, 11.725225621835794, 6.085714285714285, 0.0]","[1299, 1099, 1399, 1299, 1099, 1099, 1099, 1099, 1199, 2299, 1099, 1399, 1499, 1599, 1799, 1799, 1699, 2099, 2999, 3699, 1199]",90518.606,85350.927,75.09,19.445,51272,51272,102544,102544,26.410317460317458,25.931746031746034,"[5.9907407407407405, 0.0, 9.316223250433776, 5.496103896103897, 13.55595238095238, 0.0, 2.4642857142857144, 6.066666666666667, 5.3025, 11.801407742584212, 4.915954415954417, 9.384081196581196, 6.0359477124183005, 0.0, 4.479477611940299, 11.815293040293039, 0.0, 14.919552669552669, 11.725225621835794, 6.085714285714285, 0.0]","[1299, 1099, 1399, 1299, 1099, 1099, 1099, 1099, 1199, 2299, 1099, 1399, 1499, 1599, 1799, 1799, 1699, 2099, 2999, 3699, 1199]",2.278125047683716,4.999999873689376e-05,-0.034104332,-0.13034,0.0577028,-0.5716161,0.016914288,1.8783277,0.0,2.278125047683716,4.999999873689376e-05,-0.03505149,-0.13555144,0.057855397,-0.52811766,0.018719142,1.8543087,0.0
0,14.919552669552669,0.0,6.947630974691407,1625.923076923077,5,0,13,115362,115362,57681,57681,6409,6409,57681,6409,115362,False,26,9,46232_00000,faaa0e2bcc8049d9affe43b928cab743,2022-12-17_15-12-53,1671289973,89.05043148994446,813.6326422691345,3349,3dc8d5e2a387,172.17.0.2,813.6326422691345,0,9,41.18534517288208,57681,57681,115362,115362,14.919552669552669,0.0,6.947630974691407,1625.923076923077,5,0,"[5.9907407407407405, 0.0, 9.316223250433776, 5.496103896103897, 13.55595238095238, 0.0, 2.4642857142857144, 6.066666666666667, 5.3025, 11.801407742584212, 4.915954415954417, 9.384081196581196, 6.0359477124183005, 0.0, 4.479477611940299, 11.815293040293039, 0.0, 14.919552669552669, 11.725225621835794, 6.085714285714285, 0.0, 14.434920634920637, 11.739699425869638, 6.054945054945055, 5.4869281045751634, 13.566785175608706]","[1299, 1099, 1399, 1299, 1099, 1099, 1099, 1099, 1199, 2299, 1099, 1399, 1499, 1599, 1799, 1799, 1699, 2099, 2999, 3699, 1199, 1499, 2599, 1699, 1199, 1399]",90347.354,85191.834,75.23,19.417,57681,57681,115362,115362,26.537795275590543,25.886614173228345,"[5.9907407407407405, 0.0, 9.316223250433776, 5.496103896103897, 13.55595238095238, 0.0, 2.4642857142857144, 6.066666666666667, 5.3025, 11.801407742584212, 4.915954415954417, 9.384081196581196, 6.0359477124183005, 0.0, 4.479477611940299, 11.815293040293039, 0.0, 14.919552669552669, 11.725225621835794, 6.085714285714285, 0.0, 14.434920634920637, 11.739699425869638, 6.054945054945055, 5.4869281045751634, 13.566785175608706]","[1299, 1099, 1399, 1299, 1099, 1099, 1099, 1099, 1199, 2299, 1099, 1399, 1499, 1599, 1799, 1799, 1699, 2099, 2999, 3699, 1199, 1499, 2599, 1699, 1199, 1399]",2.278125047683716,4.999999873689376e-05,-0.07346407,-0.16364565,0.047615904,-0.5110453,0.018684518,1.881449,0.0,2.278125047683716,4.999999873689376e-05,-0.048874073,-0.14404455,0.054197315,-0.5045614,0.017985478,1.848694,0.0
0,23.00450085309774,0.0,7.384478978382771,1725.6666666666667,4,0,13,128180,128180,64090,64090,6409,6409,64090,6409,128180,False,30,10,46232_00000,faaa0e2bcc8049d9affe43b928cab743,2022-12-17_15-14-24,1671290064,90.32168507575989,903.9543273448944,3349,3dc8d5e2a387,172.17.0.2,903.9543273448944,0,10,41.18534517288208,64090,64090,128180,128180,23.00450085309774,0.0,7.384478978382771,1725.6666666666667,4,0,"[5.9907407407407405, 0.0, 9.316223250433776, 5.496103896103897, 13.55595238095238, 0.0, 2.4642857142857144, 6.066666666666667, 5.3025, 11.801407742584212, 4.915954415954417, 9.384081196581196, 6.0359477124183005, 0.0, 4.479477611940299, 11.815293040293039, 0.0, 14.919552669552669, 11.725225621835794, 6.085714285714285, 0.0, 14.434920634920637, 11.739699425869638, 6.054945054945055, 5.4869281045751634, 13.566785175608706, 23.00450085309774, 11.770251035196686, 0.0, 6.121212121212122]","[1299, 1099, 1399, 1299, 1099, 1099, 1099, 1099, 1199, 2299, 1099, 1399, 1499, 1599, 1799, 1799, 1699, 2099, 2999, 3699, 1199, 1499, 2599, 1699, 1199, 1399, 4699, 1799, 1699, 1299]",90338.604,85200.547,75.223,19.336,64090,64090,128180,128180,26.38449612403101,25.880620155038763,"[5.9907407407407405, 0.0, 9.316223250433776, 5.496103896103897, 13.55595238095238, 0.0, 2.4642857142857144, 6.066666666666667, 5.3025, 11.801407742584212, 4.915954415954417, 9.384081196581196, 6.0359477124183005, 0.0, 4.479477611940299, 11.815293040293039, 0.0, 14.919552669552669, 11.725225621835794, 6.085714285714285, 0.0, 14.434920634920637, 11.739699425869638, 6.054945054945055, 5.4869281045751634, 13.566785175608706, 23.00450085309774, 11.770251035196686, 0.0, 6.121212121212122]","[1299, 1099, 1399, 1299, 1099, 1099, 1099, 1099, 1199, 2299, 1099, 1399, 1499, 1599, 1799, 1799, 1699, 2099, 2999, 3699, 1199, 1499, 2599, 1699, 1199, 1399, 4699, 1799, 1699, 1299]",2.278125047683716,4.999999873689376e-05,-0.045828775,-0.13531217,0.0499651,-0.68691784,0.017346846,1.880489,0.0,2.278125047683716,4.999999873689376e-05,-0.0607238,-0.14785673,0.046958774,-0.65614885,0.01763475,1.8573947,0.0
0,23.00450085309774,0.0,7.694503027035886,1729.3030303030303,3,0,13,140998,140998,70499,70499,6409,6409,70499,6409,140998,False,33,11,46232_00000,faaa0e2bcc8049d9affe43b928cab743,2022-12-17_15-15-52,1671290152,88.44890522956848,992.4032325744629,3349,3dc8d5e2a387,172.17.0.2,992.4032325744629,0,11,41.18534517288208,70499,70499,140998,140998,23.00450085309774,0.0,7.694503027035886,1729.3030303030303,3,0,"[5.9907407407407405, 0.0, 9.316223250433776, 5.496103896103897, 13.55595238095238, 0.0, 2.4642857142857144, 6.066666666666667, 5.3025, 11.801407742584212, 4.915954415954417, 9.384081196581196, 6.0359477124183005, 0.0, 4.479477611940299, 11.815293040293039, 0.0, 14.919552669552669, 11.725225621835794, 6.085714285714285, 0.0, 14.434920634920637, 11.739699425869638, 6.054945054945055, 5.4869281045751634, 13.566785175608706, 23.00450085309774, 11.770251035196686, 0.0, 6.121212121212122, 9.628787878787877, 11.841503267973856, 10.913939393939394]","[1299, 1099, 1399, 1299, 1099, 1099, 1099, 1099, 1199, 2299, 1099, 1399, 1499, 1599, 1799, 1799, 1699, 2099, 2999, 3699, 1199, 1499, 2599, 1699, 1199, 1399, 4699, 1799, 1699, 1299, 1399, 2299, 1599]",89778.671,84784.932,75.591,19.357,70499,70499,140998,140998,26.481600000000004,25.885599999999997,"[5.9907407407407405, 0.0, 9.316223250433776, 5.496103896103897, 13.55595238095238, 0.0, 2.4642857142857144, 6.066666666666667, 5.3025, 11.801407742584212, 4.915954415954417, 9.384081196581196, 6.0359477124183005, 0.0, 4.479477611940299, 11.815293040293039, 0.0, 14.919552669552669, 11.725225621835794, 6.085714285714285, 0.0, 14.434920634920637, 11.739699425869638, 6.054945054945055, 5.4869281045751634, 13.566785175608706, 23.00450085309774, 11.770251035196686, 0.0, 6.121212121212122, 9.628787878787877, 11.841503267973856, 10.913939393939394]","[1299, 1099, 1399, 1299, 1099, 1099, 1099, 1099, 1199, 2299, 1099, 1399, 1499, 1599, 1799, 1799, 1699, 2099, 2999, 3699, 1199, 1499, 2599, 1699, 1199, 1399, 4699, 1799, 1699, 1299, 1399, 2299, 1599]",2.278125047683716,4.999999873689376e-05,-0.020105794,-0.12210893,0.060670644,-0.6206589,0.018143203,1.8845181,0.0,2.278125047683716,4.999999873689376e-05,-0.02665619,-0.11223196,0.045223583,-0.5663356,0.017712893,1.8389056,0.0
0,23.00450085309774,0.0,7.785562971971269,1746.2222222222222,3,0,13,153816,153816,76908,76908,6409,6409,76908,6409,153816,False,36,12,46232_00000,faaa0e2bcc8049d9affe43b928cab743,2022-12-17_15-17-22,1671290242,90.09605622291565,1082.4992887973785,3349,3dc8d5e2a387,172.17.0.2,1082.4992887973785,0,12,41.18534517288208,76908,76908,153816,153816,23.00450085309774,0.0,7.785562971971269,1746.2222222222222,3,0,"[5.9907407407407405, 0.0, 9.316223250433776, 5.496103896103897, 13.55595238095238, 0.0, 2.4642857142857144, 6.066666666666667, 5.3025, 11.801407742584212, 4.915954415954417, 9.384081196581196, 6.0359477124183005, 0.0, 4.479477611940299, 11.815293040293039, 0.0, 14.919552669552669, 11.725225621835794, 6.085714285714285, 0.0, 14.434920634920637, 11.739699425869638, 6.054945054945055, 5.4869281045751634, 13.566785175608706, 23.00450085309774, 11.770251035196686, 0.0, 6.121212121212122, 9.628787878787877, 11.841503267973856, 10.913939393939394, 10.205263157894736, 16.156403940886698, 0.0]","[1299, 1099, 1399, 1299, 1099, 1099, 1099, 1099, 1199, 2299, 1099, 1399, 1499, 1599, 1799, 1799, 1699, 2099, 2999, 3699, 1199, 1499, 2599, 1699, 1199, 1399, 4699, 1799, 1699, 1299, 1399, 2299, 1599, 1599, 2899, 1299]",89739.316,84734.254,75.636,19.383,76908,76908,153816,153816,26.462790697674418,25.92790697674419,"[5.9907407407407405, 0.0, 9.316223250433776, 5.496103896103897, 13.55595238095238, 0.0, 2.4642857142857144, 6.066666666666667, 5.3025, 11.801407742584212, 4.915954415954417, 9.384081196581196, 6.0359477124183005, 0.0, 4.479477611940299, 11.815293040293039, 0.0, 14.919552669552669, 11.725225621835794, 6.085714285714285, 0.0, 14.434920634920637, 11.739699425869638, 6.054945054945055, 5.4869281045751634, 13.566785175608706, 23.00450085309774, 11.770251035196686, 0.0, 6.121212121212122, 9.628787878787877, 11.841503267973856, 10.913939393939394, 10.205263157894736, 16.156403940886698, 0.0]","[1299, 1099, 1399, 1299, 1099, 1099, 1099, 1099, 1199, 2299, 1099, 1399, 1499, 1599, 1799, 1799, 1699, 2099, 2999, 3699, 1199, 1499, 2599, 1699, 1199, 1399, 4699, 1799, 1699, 1299, 1399, 2299, 1599, 1599, 2899, 1299]",2.278125047683716,4.999999873689376e-05,-0.033613577,-0.12758386,0.05299255,-0.6417053,0.01798748,1.8675356,0.0,2.278125047683716,4.999999873689376e-05,-0.04992462,-0.14018372,0.04852178,-0.62032723,0.018320898,1.8553147,0.0
0,23.00450085309774,0.0,7.551921811723646,1750.219512195122,5,0,13,166634,166634,83317,83317,6409,6409,83317,6409,166634,False,41,13,46232_00000,faaa0e2bcc8049d9affe43b928cab743,2022-12-17_15-18-52,1671290332,90.24234414100647,1172.741632938385,3349,3dc8d5e2a387,172.17.0.2,1172.741632938385,0,13,41.18534517288208,83317,83317,166634,166634,23.00450085309774,0.0,7.551921811723646,1750.219512195122,5,0,"[5.9907407407407405, 0.0, 9.316223250433776, 5.496103896103897, 13.55595238095238, 0.0, 2.4642857142857144, 6.066666666666667, 5.3025, 11.801407742584212, 4.915954415954417, 9.384081196581196, 6.0359477124183005, 0.0, 4.479477611940299, 11.815293040293039, 0.0, 14.919552669552669, 11.725225621835794, 6.085714285714285, 0.0, 14.434920634920637, 11.739699425869638, 6.054945054945055, 5.4869281045751634, 13.566785175608706, 23.00450085309774, 11.770251035196686, 0.0, 6.121212121212122, 9.628787878787877, 11.841503267973856, 10.913939393939394, 10.205263157894736, 16.156403940886698, 0.0, 5.339869281045752, 0.0, 6.242857142857143, 5.818181818181819, 11.947619047619048]","[1299, 1099, 1399, 1299, 1099, 1099, 1099, 1099, 1199, 2299, 1099, 1399, 1499, 1599, 1799, 1799, 1699, 2099, 2999, 3699, 1199, 1499, 2599, 1699, 1199, 1399, 4699, 1799, 1699, 1299, 1399, 2299, 1599, 1599, 2899, 1299, 2199, 1599, 1499, 1499, 2099]",89699.444,84691.487,75.675,19.391,83317,83317,166634,166634,26.733593749999997,25.840625,"[5.9907407407407405, 0.0, 9.316223250433776, 5.496103896103897, 13.55595238095238, 0.0, 2.4642857142857144, 6.066666666666667, 5.3025, 11.801407742584212, 4.915954415954417, 9.384081196581196, 6.0359477124183005, 0.0, 4.479477611940299, 11.815293040293039, 0.0, 14.919552669552669, 11.725225621835794, 6.085714285714285, 0.0, 14.434920634920637, 11.739699425869638, 6.054945054945055, 5.4869281045751634, 13.566785175608706, 23.00450085309774, 11.770251035196686, 0.0, 6.121212121212122, 9.628787878787877, 11.841503267973856, 10.913939393939394, 10.205263157894736, 16.156403940886698, 0.0, 5.339869281045752, 0.0, 6.242857142857143, 5.818181818181819, 11.947619047619048]","[1299, 1099, 1399, 1299, 1099, 1099, 1099, 1099, 1199, 2299, 1099, 1399, 1499, 1599, 1799, 1799, 1699, 2099, 2999, 3699, 1199, 1499, 2599, 1699, 1199, 1399, 4699, 1799, 1699, 1299, 1399, 2299, 1599, 1599, 2899, 1299, 2199, 1599, 1499, 1499, 2099]",2.278125047683716,4.999999873689376e-05,-0.065209724,-0.13588826,0.030839022,-0.705099,0.017487854,1.8681297,0.0,2.278125047683716,4.999999873689376e-05,-0.064538576,-0.13610783,0.033666305,-0.7541618,0.016637782,1.8441728,0.0
0,23.00450085309774,0.0,7.719303519535816,1789.6976744186047,2,0,13,179452,179452,89726,89726,6409,6409,89726,6409,179452,False,43,14,46232_00000,faaa0e2bcc8049d9affe43b928cab743,2022-12-17_15-20-21,1671290421,88.22351336479187,1260.9651463031769,3349,3dc8d5e2a387,172.17.0.2,1260.9651463031769,0,14,41.18534517288208,89726,89726,179452,179452,23.00450085309774,0.0,7.719303519535816,1789.6976744186047,2,0,"[5.9907407407407405, 0.0, 9.316223250433776, 5.496103896103897, 13.55595238095238, 0.0, 2.4642857142857144, 6.066666666666667, 5.3025, 11.801407742584212, 4.915954415954417, 9.384081196581196, 6.0359477124183005, 0.0, 4.479477611940299, 11.815293040293039, 0.0, 14.919552669552669, 11.725225621835794, 6.085714285714285, 0.0, 14.434920634920637, 11.739699425869638, 6.054945054945055, 5.4869281045751634, 13.566785175608706, 23.00450085309774, 11.770251035196686, 0.0, 6.121212121212122, 9.628787878787877, 11.841503267973856, 10.913939393939394, 10.205263157894736, 16.156403940886698, 0.0, 5.339869281045752, 0.0, 6.242857142857143, 5.818181818181819, 11.947619047619048, 22.301257059370652, 0.0]","[1299, 1099, 1399, 1299, 1099, 1099, 1099, 1099, 1199, 2299, 1099, 1399, 1499, 1599, 1799, 1799, 1699, 2099, 2999, 3699, 1199, 1499, 2599, 1699, 1199, 1399, 4699, 1799, 1699, 1299, 1399, 2299, 1599, 1599, 2899, 1299, 2199, 1599, 1499, 1499, 2099, 3899, 1299]",89498.72,84482.766,75.862,19.383,89726,89726,179452,179452,26.488095238095237,25.920634920634917,"[5.9907407407407405, 0.0, 9.316223250433776, 5.496103896103897, 13.55595238095238, 0.0, 2.4642857142857144, 6.066666666666667, 5.3025, 11.801407742584212, 4.915954415954417, 9.384081196581196, 6.0359477124183005, 0.0, 4.479477611940299, 11.815293040293039, 0.0, 14.919552669552669, 11.725225621835794, 6.085714285714285, 0.0, 14.434920634920637, 11.739699425869638, 6.054945054945055, 5.4869281045751634, 13.566785175608706, 23.00450085309774, 11.770251035196686, 0.0, 6.121212121212122, 9.628787878787877, 11.841503267973856, 10.913939393939394, 10.205263157894736, 16.156403940886698, 0.0, 5.339869281045752, 0.0, 6.242857142857143, 5.818181818181819, 11.947619047619048, 22.301257059370652, 0.0]","[1299, 1099, 1399, 1299, 1099, 1099, 1099, 1099, 1199, 2299, 1099, 1399, 1499, 1599, 1799, 1799, 1699, 2099, 2999, 3699, 1199, 1499, 2599, 1699, 1199, 1399, 4699, 1799, 1699, 1299, 1399, 2299, 1599, 1599, 2899, 1299, 2199, 1599, 1499, 1499, 2099, 3899, 1299]",2.278125047683716,4.999999873689376e-05,-0.035354327,-0.1367388,0.05935206,-0.5107312,0.018450439,1.872744,0.0,2.278125047683716,4.999999873689376e-05,-0.04319738,-0.118134245,0.03416494,-0.4487351,0.017897144,1.8654205,0.0
0,23.00450085309774,0.0,8.084718081900839,1801.2222222222222,2,0,13,192270,192270,96135,96135,6409,6409,96135,6409,192270,False,45,15,46232_00000,faaa0e2bcc8049d9affe43b928cab743,2022-12-17_15-21-49,1671290509,88.15672659873962,1349.1218729019165,3349,3dc8d5e2a387,172.17.0.2,1349.1218729019165,0,15,41.18534517288208,96135,96135,192270,192270,23.00450085309774,0.0,8.084718081900839,1801.2222222222222,2,0,"[5.9907407407407405, 0.0, 9.316223250433776, 5.496103896103897, 13.55595238095238, 0.0, 2.4642857142857144, 6.066666666666667, 5.3025, 11.801407742584212, 4.915954415954417, 9.384081196581196, 6.0359477124183005, 0.0, 4.479477611940299, 11.815293040293039, 0.0, 14.919552669552669, 11.725225621835794, 6.085714285714285, 0.0, 14.434920634920637, 11.739699425869638, 6.054945054945055, 5.4869281045751634, 13.566785175608706, 23.00450085309774, 11.770251035196686, 0.0, 6.121212121212122, 9.628787878787877, 11.841503267973856, 10.913939393939394, 10.205263157894736, 16.156403940886698, 0.0, 5.339869281045752, 0.0, 6.242857142857143, 5.818181818181819, 11.947619047619048, 22.301257059370652, 0.0, 14.914502164502167, 16.967760180995477]","[1299, 1099, 1399, 1299, 1099, 1099, 1099, 1099, 1199, 2299, 1099, 1399, 1499, 1599, 1799, 1799, 1699, 2099, 2999, 3699, 1199, 1499, 2599, 1699, 1199, 1399, 4699, 1799, 1699, 1299, 1399, 2299, 1599, 1599, 2899, 1299, 2199, 1599, 1499, 1499, 2099, 3899, 1299, 1599, 2499]",89376.226,84346.932,75.984,19.293,96135,96135,192270,192270,26.48400000000001,25.927199999999996,"[5.9907407407407405, 0.0, 9.316223250433776, 5.496103896103897, 13.55595238095238, 0.0, 2.4642857142857144, 6.066666666666667, 5.3025, 11.801407742584212, 4.915954415954417, 9.384081196581196, 6.0359477124183005, 0.0, 4.479477611940299, 11.815293040293039, 0.0, 14.919552669552669, 11.725225621835794, 6.085714285714285, 0.0, 14.434920634920637, 11.739699425869638, 6.054945054945055, 5.4869281045751634, 13.566785175608706, 23.00450085309774, 11.770251035196686, 0.0, 6.121212121212122, 9.628787878787877, 11.841503267973856, 10.913939393939394, 10.205263157894736, 16.156403940886698, 0.0, 5.339869281045752, 0.0, 6.242857142857143, 5.818181818181819, 11.947619047619048, 22.301257059370652, 0.0, 14.914502164502167, 16.967760180995477]","[1299, 1099, 1399, 1299, 1099, 1099, 1099, 1099, 1199, 2299, 1099, 1399, 1499, 1599, 1799, 1799, 1699, 2099, 2999, 3699, 1199, 1499, 2599, 1699, 1199, 1399, 4699, 1799, 1699, 1299, 1399, 2299, 1599, 1599, 2899, 1299, 2199, 1599, 1499, 1499, 2099, 3899, 1299, 1599, 2499]",2.278125047683716,4.999999873689376e-05,-0.05397484,-0.14063768,0.04136455,-0.58328414,0.019884024,1.8623825,0.0,2.278125047683716,4.999999873689376e-05,-0.07177826,-0.15774465,0.042248026,-0.6877639,0.019190505,1.8579087,0.0
0,23.00450085309774,0.0,7.794252872892296,1777.4313725490197,6,0,13,205088,205088,102544,102544,6409,6409,102544,6409,205088,False,51,16,46232_00000,faaa0e2bcc8049d9affe43b928cab743,2022-12-17_15-23-19,1671290599,90.37772417068481,1439.4995970726013,3349,3dc8d5e2a387,172.17.0.2,1439.4995970726013,0,16,41.18534517288208,102544,102544,205088,205088,23.00450085309774,0.0,7.794252872892296,1777.4313725490197,6,0,"[5.9907407407407405, 0.0, 9.316223250433776, 5.496103896103897, 13.55595238095238, 0.0, 2.4642857142857144, 6.066666666666667, 5.3025, 11.801407742584212, 4.915954415954417, 9.384081196581196, 6.0359477124183005, 0.0, 4.479477611940299, 11.815293040293039, 0.0, 14.919552669552669, 11.725225621835794, 6.085714285714285, 0.0, 14.434920634920637, 11.739699425869638, 6.054945054945055, 5.4869281045751634, 13.566785175608706, 23.00450085309774, 11.770251035196686, 0.0, 6.121212121212122, 9.628787878787877, 11.841503267973856, 10.913939393939394, 10.205263157894736, 16.156403940886698, 0.0, 5.339869281045752, 0.0, 6.242857142857143, 5.818181818181819, 11.947619047619048, 22.301257059370652, 0.0, 14.914502164502167, 16.967760180995477, 6.028571428571429, 11.020175438596489, 10.571123321123322, 0.0, 6.074712643678161, 0.0]","[1299, 1099, 1399, 1299, 1099, 1099, 1099, 1099, 1199, 2299, 1099, 1399, 1499, 1599, 1799, 1799, 1699, 2099, 2999, 3699, 1199, 1499, 2599, 1699, 1199, 1399, 4699, 1799, 1699, 1299, 1399, 2299, 1599, 1599, 2899, 1299, 2199, 1599, 1499, 1499, 2099, 3899, 1299, 1599, 2499, 1199, 1699, 2199, 1099, 1499, 1899]",89390.433,84349.954,75.981,19.147,102544,102544,205088,205088,26.4921875,25.835156249999997,"[5.9907407407407405, 0.0, 9.316223250433776, 5.496103896103897, 13.55595238095238, 0.0, 2.4642857142857144, 6.066666666666667, 5.3025, 11.801407742584212, 4.915954415954417, 9.384081196581196, 6.0359477124183005, 0.0, 4.479477611940299, 11.815293040293039, 0.0, 14.919552669552669, 11.725225621835794, 6.085714285714285, 0.0, 14.434920634920637, 11.739699425869638, 6.054945054945055, 5.4869281045751634, 13.566785175608706, 23.00450085309774, 11.770251035196686, 0.0, 6.121212121212122, 9.628787878787877, 11.841503267973856, 10.913939393939394, 10.205263157894736, 16.156403940886698, 0.0, 5.339869281045752, 0.0, 6.242857142857143, 5.818181818181819, 11.947619047619048, 22.301257059370652, 0.0, 14.914502164502167, 16.967760180995477, 6.028571428571429, 11.020175438596489, 10.571123321123322, 0.0, 6.074712643678161, 0.0]","[1299, 1099, 1399, 1299, 1099, 1099, 1099, 1099, 1199, 2299, 1099, 1399, 1499, 1599, 1799, 1799, 1699, 2099, 2999, 3699, 1199, 1499, 2599, 1699, 1199, 1399, 4699, 1799, 1699, 1299, 1399, 2299, 1599, 1599, 2899, 1299, 2199, 1599, 1499, 1499, 2099, 3899, 1299, 1599, 2499, 1199, 1699, 2199, 1099, 1499, 1899]",2.278125047683716,4.999999873689376e-05,-0.03282497,-0.12695085,0.05551721,-0.7234967,0.01694756,1.8590934,0.0,2.278125047683716,4.999999873689376e-05,-0.07485345,-0.14525987,0.032489702,-0.5934175,0.016643828,1.8570487,0.0
0,23.00450085309774,0.0,8.277838913749436,1789.566037735849,2,0,13,217906,217906,108953,108953,6409,6409,108953,6409,217906,False,53,17,46232_00000,faaa0e2bcc8049d9affe43b928cab743,2022-12-17_15-24-48,1671290688,88.28503370285034,1527.7846307754517,3349,3dc8d5e2a387,172.17.0.2,1527.7846307754517,0,17,41.18534517288208,108953,108953,217906,217906,23.00450085309774,0.0,8.277838913749436,1789.566037735849,2,0,"[5.9907407407407405, 0.0, 9.316223250433776, 5.496103896103897, 13.55595238095238, 0.0, 2.4642857142857144, 6.066666666666667, 5.3025, 11.801407742584212, 4.915954415954417, 9.384081196581196, 6.0359477124183005, 0.0, 4.479477611940299, 11.815293040293039, 0.0, 14.919552669552669, 11.725225621835794, 6.085714285714285, 0.0, 14.434920634920637, 11.739699425869638, 6.054945054945055, 5.4869281045751634, 13.566785175608706, 23.00450085309774, 11.770251035196686, 0.0, 6.121212121212122, 9.628787878787877, 11.841503267973856, 10.913939393939394, 10.205263157894736, 16.156403940886698, 0.0, 5.339869281045752, 0.0, 6.242857142857143, 5.818181818181819, 11.947619047619048, 22.301257059370652, 0.0, 14.914502164502167, 16.967760180995477, 6.028571428571429, 11.020175438596489, 10.571123321123322, 0.0, 6.074712643678161, 0.0, 20.436423054070115, 20.78214285714286]","[1299, 1099, 1399, 1299, 1099, 1099, 1099, 1099, 1199, 2299, 1099, 1399, 1499, 1599, 1799, 1799, 1699, 2099, 2999, 3699, 1199, 1499, 2599, 1699, 1199, 1399, 4699, 1799, 1699, 1299, 1399, 2299, 1599, 1599, 2899, 1299, 2199, 1599, 1499, 1499, 2099, 3899, 1299, 1599, 2499, 1199, 1699, 2199, 1099, 1499, 1899, 2599, 1599]",89161.134,84123.671,76.185,19.178,108953,108953,217906,217906,26.337301587301585,25.975396825396825,"[5.9907407407407405, 0.0, 9.316223250433776, 5.496103896103897, 13.55595238095238, 0.0, 2.4642857142857144, 6.066666666666667, 5.3025, 11.801407742584212, 4.915954415954417, 9.384081196581196, 6.0359477124183005, 0.0, 4.479477611940299, 11.815293040293039, 0.0, 14.919552669552669, 11.725225621835794, 6.085714285714285, 0.0, 14.434920634920637, 11.739699425869638, 6.054945054945055, 5.4869281045751634, 13.566785175608706, 23.00450085309774, 11.770251035196686, 0.0, 6.121212121212122, 9.628787878787877, 11.841503267973856, 10.913939393939394, 10.205263157894736, 16.156403940886698, 0.0, 5.339869281045752, 0.0, 6.242857142857143, 5.818181818181819, 11.947619047619048, 22.301257059370652, 0.0, 14.914502164502167, 16.967760180995477, 6.028571428571429, 11.020175438596489, 10.571123321123322, 0.0, 6.074712643678161, 0.0, 20.436423054070115, 20.78214285714286]","[1299, 1099, 1399, 1299, 1099, 1099, 1099, 1099, 1199, 2299, 1099, 1399, 1499, 1599, 1799, 1799, 1699, 2099, 2999, 3699, 1199, 1499, 2599, 1699, 1199, 1399, 4699, 1799, 1699, 1299, 1399, 2299, 1599, 1599, 2899, 1299, 2199, 1599, 1499, 1499, 2099, 3899, 1299, 1599, 2499, 1199, 1699, 2199, 1099, 1499, 1899, 2599, 1599]",2.278125047683716,4.999999873689376e-05,-0.07191223,-0.13866459,0.027906235,-0.7381836,0.017051794,1.8659583,0.0,2.278125047683716,4.999999873689376e-05,-0.06513502,-0.12528065,0.024536302,-0.82790095,0.01563098,1.8469496,0.0
0,23.00450085309774,0.0,8.241035900355486,1778.6296296296296,1,0,13,230724,230724,115362,115362,6409,6409,115362,6409,230724,False,54,18,46232_00000,faaa0e2bcc8049d9affe43b928cab743,2022-12-17_15-26-17,1671290777,89.5443651676178,1617.3289959430695,3349,3dc8d5e2a387,172.17.0.2,1617.3289959430695,0,18,41.18534517288208,115362,115362,230724,230724,23.00450085309774,0.0,8.241035900355486,1778.6296296296296,1,0,"[5.9907407407407405, 0.0, 9.316223250433776, 5.496103896103897, 13.55595238095238, 0.0, 2.4642857142857144, 6.066666666666667, 5.3025, 11.801407742584212, 4.915954415954417, 9.384081196581196, 6.0359477124183005, 0.0, 4.479477611940299, 11.815293040293039, 0.0, 14.919552669552669, 11.725225621835794, 6.085714285714285, 0.0, 14.434920634920637, 11.739699425869638, 6.054945054945055, 5.4869281045751634, 13.566785175608706, 23.00450085309774, 11.770251035196686, 0.0, 6.121212121212122, 9.628787878787877, 11.841503267973856, 10.913939393939394, 10.205263157894736, 16.156403940886698, 0.0, 5.339869281045752, 0.0, 6.242857142857143, 5.818181818181819, 11.947619047619048, 22.301257059370652, 0.0, 14.914502164502167, 16.967760180995477, 6.028571428571429, 11.020175438596489, 10.571123321123322, 0.0, 6.074712643678161, 0.0, 20.436423054070115, 20.78214285714286, 6.29047619047619]","[1299, 1099, 1399, 1299, 1099, 1099, 1099, 1099, 1199, 2299, 1099, 1399, 1499, 1599, 1799, 1799, 1699, 2099, 2999, 3699, 1199, 1499, 2599, 1699, 1199, 1399, 4699, 1799, 1699, 1299, 1399, 2299, 1599, 1599, 2899, 1299, 2199, 1599, 1499, 1499, 2099, 3899, 1299, 1599, 2499, 1199, 1699, 2199, 1099, 1499, 1899, 2599, 1599, 1199]",89210.199,84179.758,76.135,19.829,115362,115362,230724,230724,26.362992125984256,25.947244094488187,"[5.9907407407407405, 0.0, 9.316223250433776, 5.496103896103897, 13.55595238095238, 0.0, 2.4642857142857144, 6.066666666666667, 5.3025, 11.801407742584212, 4.915954415954417, 9.384081196581196, 6.0359477124183005, 0.0, 4.479477611940299, 11.815293040293039, 0.0, 14.919552669552669, 11.725225621835794, 6.085714285714285, 0.0, 14.434920634920637, 11.739699425869638, 6.054945054945055, 5.4869281045751634, 13.566785175608706, 23.00450085309774, 11.770251035196686, 0.0, 6.121212121212122, 9.628787878787877, 11.841503267973856, 10.913939393939394, 10.205263157894736, 16.156403940886698, 0.0, 5.339869281045752, 0.0, 6.242857142857143, 5.818181818181819, 11.947619047619048, 22.301257059370652, 0.0, 14.914502164502167, 16.967760180995477, 6.028571428571429, 11.020175438596489, 10.571123321123322, 0.0, 6.074712643678161, 0.0, 20.436423054070115, 20.78214285714286, 6.29047619047619]","[1299, 1099, 1399, 1299, 1099, 1099, 1099, 1099, 1199, 2299, 1099, 1399, 1499, 1599, 1799, 1799, 1699, 2099, 2999, 3699, 1199, 1499, 2599, 1699, 1199, 1399, 4699, 1799, 1699, 1299, 1399, 2299, 1599, 1599, 2899, 1299, 2199, 1599, 1499, 1499, 2099, 3899, 1299, 1599, 2499, 1199, 1699, 2199, 1099, 1499, 1899, 2599, 1599, 1199]",2.278125047683716,4.999999873689376e-05,-0.051672645,-0.14604172,0.04951024,-0.4959001,0.01969112,1.85738,0.0,2.278125047683716,4.999999873689376e-05,-0.069160245,-0.15682125,0.044461098,-0.5062164,0.018962922,1.8506751,0.0
0,23.00450085309774,0.0,8.107655673229083,1774.8620689655172,4,0,13,243542,243542,121771,121771,6409,6409,121771,6409,243542,False,58,19,46232_00000,faaa0e2bcc8049d9affe43b928cab743,2022-12-17_15-27-47,1671290867,89.87543797492981,1707.2044339179993,3349,3dc8d5e2a387,172.17.0.2,1707.2044339179993,0,19,41.18534517288208,121771,121771,243542,243542,23.00450085309774,0.0,8.107655673229083,1774.8620689655172,4,0,"[5.9907407407407405, 0.0, 9.316223250433776, 5.496103896103897, 13.55595238095238, 0.0, 2.4642857142857144, 6.066666666666667, 5.3025, 11.801407742584212, 4.915954415954417, 9.384081196581196, 6.0359477124183005, 0.0, 4.479477611940299, 11.815293040293039, 0.0, 14.919552669552669, 11.725225621835794, 6.085714285714285, 0.0, 14.434920634920637, 11.739699425869638, 6.054945054945055, 5.4869281045751634, 13.566785175608706, 23.00450085309774, 11.770251035196686, 0.0, 6.121212121212122, 9.628787878787877, 11.841503267973856, 10.913939393939394, 10.205263157894736, 16.156403940886698, 0.0, 5.339869281045752, 0.0, 6.242857142857143, 5.818181818181819, 11.947619047619048, 22.301257059370652, 0.0, 14.914502164502167, 16.967760180995477, 6.028571428571429, 11.020175438596489, 10.571123321123322, 0.0, 6.074712643678161, 0.0, 20.436423054070115, 20.78214285714286, 6.29047619047619, 4.5, 5.55, 9.473544973544971, 5.704545454545455]","[1299, 1099, 1399, 1299, 1099, 1099, 1099, 1099, 1199, 2299, 1099, 1399, 1499, 1599, 1799, 1799, 1699, 2099, 2999, 3699, 1199, 1499, 2599, 1699, 1199, 1399, 4699, 1799, 1699, 1299, 1399, 2299, 1599, 1599, 2899, 1299, 2199, 1599, 1499, 1499, 2099, 3899, 1299, 1599, 2499, 1199, 1699, 2199, 1099, 1499, 1899, 2599, 1599, 1199, 2599, 1399, 1399, 1499]",89294.165,84270.897,76.052,19.842,121771,121771,243542,243542,26.37265625,25.917187499999997,"[5.9907407407407405, 0.0, 9.316223250433776, 5.496103896103897, 13.55595238095238, 0.0, 2.4642857142857144, 6.066666666666667, 5.3025, 11.801407742584212, 4.915954415954417, 9.384081196581196, 6.0359477124183005, 0.0, 4.479477611940299, 11.815293040293039, 0.0, 14.919552669552669, 11.725225621835794, 6.085714285714285, 0.0, 14.434920634920637, 11.739699425869638, 6.054945054945055, 5.4869281045751634, 13.566785175608706, 23.00450085309774, 11.770251035196686, 0.0, 6.121212121212122, 9.628787878787877, 11.841503267973856, 10.913939393939394, 10.205263157894736, 16.156403940886698, 0.0, 5.339869281045752, 0.0, 6.242857142857143, 5.818181818181819, 11.947619047619048, 22.301257059370652, 0.0, 14.914502164502167, 16.967760180995477, 6.028571428571429, 11.020175438596489, 10.571123321123322, 0.0, 6.074712643678161, 0.0, 20.436423054070115, 20.78214285714286, 6.29047619047619, 4.5, 5.55, 9.473544973544971, 5.704545454545455]","[1299, 1099, 1399, 1299, 1099, 1099, 1099, 1099, 1199, 2299, 1099, 1399, 1499, 1599, 1799, 1799, 1699, 2099, 2999, 3699, 1199, 1499, 2599, 1699, 1199, 1399, 4699, 1799, 1699, 1299, 1399, 2299, 1599, 1599, 2899, 1299, 2199, 1599, 1499, 1499, 2099, 3899, 1299, 1599, 2499, 1199, 1699, 2199, 1099, 1499, 1899, 2599, 1599, 1199, 2599, 1399, 1399, 1499]",2.278125047683716,4.999999873689376e-05,-0.0356346,-0.12420888,0.04839519,-0.62611836,0.017636918,1.8657849,0.0,2.278125047683716,4.999999873689376e-05,-0.049697638,-0.1263206,0.03658731,-0.6215799,0.017573947,1.8437763,0.0
0,23.00450085309774,0.0,8.182499565478953,1818.672131147541,3,0,13,256360,256360,128180,128180,6409,6409,128180,6409,256360,False,61,20,46232_00000,faaa0e2bcc8049d9affe43b928cab743,2022-12-17_15-29-16,1671290956,88.75045394897461,1795.9548878669739,3349,3dc8d5e2a387,172.17.0.2,1795.9548878669739,0,20,41.18534517288208,128180,128180,256360,256360,23.00450085309774,0.0,8.182499565478953,1818.672131147541,3,0,"[5.9907407407407405, 0.0, 9.316223250433776, 5.496103896103897, 13.55595238095238, 0.0, 2.4642857142857144, 6.066666666666667, 5.3025, 11.801407742584212, 4.915954415954417, 9.384081196581196, 6.0359477124183005, 0.0, 4.479477611940299, 11.815293040293039, 0.0, 14.919552669552669, 11.725225621835794, 6.085714285714285, 0.0, 14.434920634920637, 11.739699425869638, 6.054945054945055, 5.4869281045751634, 13.566785175608706, 23.00450085309774, 11.770251035196686, 0.0, 6.121212121212122, 9.628787878787877, 11.841503267973856, 10.913939393939394, 10.205263157894736, 16.156403940886698, 0.0, 5.339869281045752, 0.0, 6.242857142857143, 5.818181818181819, 11.947619047619048, 22.301257059370652, 0.0, 14.914502164502167, 16.967760180995477, 6.028571428571429, 11.020175438596489, 10.571123321123322, 0.0, 6.074712643678161, 0.0, 20.436423054070115, 20.78214285714286, 6.29047619047619, 4.5, 5.55, 9.473544973544971, 5.704545454545455, 5.955808980755524, 5.083333333333333, 17.84930213284046]","[1299, 1099, 1399, 1299, 1099, 1099, 1099, 1099, 1199, 2299, 1099, 1399, 1499, 1599, 1799, 1799, 1699, 2099, 2999, 3699, 1199, 1499, 2599, 1699, 1199, 1399, 4699, 1799, 1699, 1299, 1399, 2299, 1599, 1599, 2899, 1299, 2199, 1599, 1499, 1499, 2099, 3899, 1299, 1599, 2499, 1199, 1699, 2199, 1099, 1499, 1899, 2599, 1599, 1199, 2599, 1399, 1399, 1499, 2799, 1399, 3799]",89137.04,84107.787,76.2,20.035,128180,128180,256360,256360,26.684920634920633,25.93095238095238,"[5.9907407407407405, 0.0, 9.316223250433776, 5.496103896103897, 13.55595238095238, 0.0, 2.4642857142857144, 6.066666666666667, 5.3025, 11.801407742584212, 4.915954415954417, 9.384081196581196, 6.0359477124183005, 0.0, 4.479477611940299, 11.815293040293039, 0.0, 14.919552669552669, 11.725225621835794, 6.085714285714285, 0.0, 14.434920634920637, 11.739699425869638, 6.054945054945055, 5.4869281045751634, 13.566785175608706, 23.00450085309774, 11.770251035196686, 0.0, 6.121212121212122, 9.628787878787877, 11.841503267973856, 10.913939393939394, 10.205263157894736, 16.156403940886698, 0.0, 5.339869281045752, 0.0, 6.242857142857143, 5.818181818181819, 11.947619047619048, 22.301257059370652, 0.0, 14.914502164502167, 16.967760180995477, 6.028571428571429, 11.020175438596489, 10.571123321123322, 0.0, 6.074712643678161, 0.0, 20.436423054070115, 20.78214285714286, 6.29047619047619, 4.5, 5.55, 9.473544973544971, 5.704545454545455, 5.955808980755524, 5.083333333333333, 17.84930213284046]","[1299, 1099, 1399, 1299, 1099, 1099, 1099, 1099, 1199, 2299, 1099, 1399, 1499, 1599, 1799, 1799, 1699, 2099, 2999, 3699, 1199, 1499, 2599, 1699, 1199, 1399, 4699, 1799, 1699, 1299, 1399, 2299, 1599, 1599, 2899, 1299, 2199, 1599, 1499, 1499, 2099, 3899, 1299, 1599, 2499, 1199, 1699, 2199, 1099, 1499, 1899, 2599, 1599, 1199, 2599, 1399, 1399, 1499, 2799, 1399, 3799]",2.278125047683716,4.999999873689376e-05,-0.08082281,-0.14950933,0.029139148,-0.8364562,0.017359613,1.8729514,0.0,2.278125047683716,4.999999873689376e-05,-0.09265484,-0.14785309,0.018983712,-0.8054694,0.015896637,1.857804,0.0
0,23.00450085309774,0.0,7.855542120569348,1813.0625,3,0,13,269178,269178,134589,134589,6409,6409,134589,6409,269178,False,64,21,46232_00000,faaa0e2bcc8049d9affe43b928cab743,2022-12-17_15-30-46,1671291046,90.16863560676575,1886.1235234737396,3349,3dc8d5e2a387,172.17.0.2,1886.1235234737396,0,21,41.18534517288208,134589,134589,269178,269178,23.00450085309774,0.0,7.855542120569348,1813.0625,3,0,"[5.9907407407407405, 0.0, 9.316223250433776, 5.496103896103897, 13.55595238095238, 0.0, 2.4642857142857144, 6.066666666666667, 5.3025, 11.801407742584212, 4.915954415954417, 9.384081196581196, 6.0359477124183005, 0.0, 4.479477611940299, 11.815293040293039, 0.0, 14.919552669552669, 11.725225621835794, 6.085714285714285, 0.0, 14.434920634920637, 11.739699425869638, 6.054945054945055, 5.4869281045751634, 13.566785175608706, 23.00450085309774, 11.770251035196686, 0.0, 6.121212121212122, 9.628787878787877, 11.841503267973856, 10.913939393939394, 10.205263157894736, 16.156403940886698, 0.0, 5.339869281045752, 0.0, 6.242857142857143, 5.818181818181819, 11.947619047619048, 22.301257059370652, 0.0, 14.914502164502167, 16.967760180995477, 6.028571428571429, 11.020175438596489, 10.571123321123322, 0.0, 6.074712643678161, 0.0, 20.436423054070115, 20.78214285714286, 6.29047619047619, 4.5, 5.55, 9.473544973544971, 5.704545454545455, 5.955808980755524, 5.083333333333333, 17.84930213284046, 3.6222222222222222, 0.0, 0.0]","[1299, 1099, 1399, 1299, 1099, 1099, 1099, 1099, 1199, 2299, 1099, 1399, 1499, 1599, 1799, 1799, 1699, 2099, 2999, 3699, 1199, 1499, 2599, 1699, 1199, 1399, 4699, 1799, 1699, 1299, 1399, 2299, 1599, 1599, 2899, 1299, 2199, 1599, 1499, 1499, 2099, 3899, 1299, 1599, 2499, 1199, 1699, 2199, 1099, 1499, 1899, 2599, 1599, 1199, 2599, 1399, 1399, 1499, 2799, 1399, 3799, 2199, 1399, 1499]",89309.364,84280.334,76.044,20.491,134589,134589,269178,269178,26.52890625,25.932031249999998,"[5.9907407407407405, 0.0, 9.316223250433776, 5.496103896103897, 13.55595238095238, 0.0, 2.4642857142857144, 6.066666666666667, 5.3025, 11.801407742584212, 4.915954415954417, 9.384081196581196, 6.0359477124183005, 0.0, 4.479477611940299, 11.815293040293039, 0.0, 14.919552669552669, 11.725225621835794, 6.085714285714285, 0.0, 14.434920634920637, 11.739699425869638, 6.054945054945055, 5.4869281045751634, 13.566785175608706, 23.00450085309774, 11.770251035196686, 0.0, 6.121212121212122, 9.628787878787877, 11.841503267973856, 10.913939393939394, 10.205263157894736, 16.156403940886698, 0.0, 5.339869281045752, 0.0, 6.242857142857143, 5.818181818181819, 11.947619047619048, 22.301257059370652, 0.0, 14.914502164502167, 16.967760180995477, 6.028571428571429, 11.020175438596489, 10.571123321123322, 0.0, 6.074712643678161, 0.0, 20.436423054070115, 20.78214285714286, 6.29047619047619, 4.5, 5.55, 9.473544973544971, 5.704545454545455, 5.955808980755524, 5.083333333333333, 17.84930213284046, 3.6222222222222222, 0.0, 0.0]","[1299, 1099, 1399, 1299, 1099, 1099, 1099, 1099, 1199, 2299, 1099, 1399, 1499, 1599, 1799, 1799, 1699, 2099, 2999, 3699, 1199, 1499, 2599, 1699, 1199, 1399, 4699, 1799, 1699, 1299, 1399, 2299, 1599, 1599, 2899, 1299, 2199, 1599, 1499, 1499, 2099, 3899, 1299, 1599, 2499, 1199, 1699, 2199, 1099, 1499, 1899, 2599, 1599, 1199, 2599, 1399, 1399, 1499, 2799, 1399, 3799, 2199, 1399, 1499]",2.278125047683716,4.999999873689376e-05,-0.05724172,-0.13669628,0.038909424,-0.7417597,0.017797586,1.881894,0.0,2.278125047683716,4.999999873689376e-05,-0.09549341,-0.15320246,0.020618232,-0.6922538,0.016281283,1.8625723,0.0
0,23.00450085309774,0.0,7.792126314273928,1830.8181818181818,2,0,13,281996,281996,140998,140998,6409,6409,140998,6409,281996,False,66,22,46232_00000,faaa0e2bcc8049d9affe43b928cab743,2022-12-17_15-32-17,1671291137,90.34334921836853,1976.4668726921082,3349,3dc8d5e2a387,172.17.0.2,1976.4668726921082,0,22,41.18534517288208,140998,140998,281996,281996,23.00450085309774,0.0,7.792126314273928,1830.8181818181818,2,0,"[5.9907407407407405, 0.0, 9.316223250433776, 5.496103896103897, 13.55595238095238, 0.0, 2.4642857142857144, 6.066666666666667, 5.3025, 11.801407742584212, 4.915954415954417, 9.384081196581196, 6.0359477124183005, 0.0, 4.479477611940299, 11.815293040293039, 0.0, 14.919552669552669, 11.725225621835794, 6.085714285714285, 0.0, 14.434920634920637, 11.739699425869638, 6.054945054945055, 5.4869281045751634, 13.566785175608706, 23.00450085309774, 11.770251035196686, 0.0, 6.121212121212122, 9.628787878787877, 11.841503267973856, 10.913939393939394, 10.205263157894736, 16.156403940886698, 0.0, 5.339869281045752, 0.0, 6.242857142857143, 5.818181818181819, 11.947619047619048, 22.301257059370652, 0.0, 14.914502164502167, 16.967760180995477, 6.028571428571429, 11.020175438596489, 10.571123321123322, 0.0, 6.074712643678161, 0.0, 20.436423054070115, 20.78214285714286, 6.29047619047619, 4.5, 5.55, 9.473544973544971, 5.704545454545455, 5.955808980755524, 5.083333333333333, 17.84930213284046, 3.6222222222222222, 0.0, 0.0, 5.9, 5.625641025641026]","[1299, 1099, 1399, 1299, 1099, 1099, 1099, 1099, 1199, 2299, 1099, 1399, 1499, 1599, 1799, 1799, 1699, 2099, 2999, 3699, 1199, 1499, 2599, 1699, 1199, 1399, 4699, 1799, 1699, 1299, 1399, 2299, 1599, 1599, 2899, 1299, 2199, 1599, 1499, 1499, 2099, 3899, 1299, 1599, 2499, 1199, 1699, 2199, 1099, 1499, 1899, 2599, 1599, 1199, 2599, 1399, 1399, 1499, 2799, 1399, 3799, 2199, 1399, 1499, 1599, 3199]",89333.335,84306.407,76.02,21.952,140998,140998,281996,281996,26.38139534883721,25.92713178294574,"[5.9907407407407405, 0.0, 9.316223250433776, 5.496103896103897, 13.55595238095238, 0.0, 2.4642857142857144, 6.066666666666667, 5.3025, 11.801407742584212, 4.915954415954417, 9.384081196581196, 6.0359477124183005, 0.0, 4.479477611940299, 11.815293040293039, 0.0, 14.919552669552669, 11.725225621835794, 6.085714285714285, 0.0, 14.434920634920637, 11.739699425869638, 6.054945054945055, 5.4869281045751634, 13.566785175608706, 23.00450085309774, 11.770251035196686, 0.0, 6.121212121212122, 9.628787878787877, 11.841503267973856, 10.913939393939394, 10.205263157894736, 16.156403940886698, 0.0, 5.339869281045752, 0.0, 6.242857142857143, 5.818181818181819, 11.947619047619048, 22.301257059370652, 0.0, 14.914502164502167, 16.967760180995477, 6.028571428571429, 11.020175438596489, 10.571123321123322, 0.0, 6.074712643678161, 0.0, 20.436423054070115, 20.78214285714286, 6.29047619047619, 4.5, 5.55, 9.473544973544971, 5.704545454545455, 5.955808980755524, 5.083333333333333, 17.84930213284046, 3.6222222222222222, 0.0, 0.0, 5.9, 5.625641025641026]","[1299, 1099, 1399, 1299, 1099, 1099, 1099, 1099, 1199, 2299, 1099, 1399, 1499, 1599, 1799, 1799, 1699, 2099, 2999, 3699, 1199, 1499, 2599, 1699, 1199, 1399, 4699, 1799, 1699, 1299, 1399, 2299, 1599, 1599, 2899, 1299, 2199, 1599, 1499, 1499, 2099, 3899, 1299, 1599, 2499, 1199, 1699, 2199, 1099, 1499, 1899, 2599, 1599, 1199, 2599, 1399, 1399, 1499, 2799, 1399, 3799, 2199, 1399, 1499, 1599, 3199]",2.278125047683716,4.999999873689376e-05,-0.04886872,-0.13425817,0.042875234,-0.60042226,0.018661933,1.8722175,0.0,2.278125047683716,4.999999873689376e-05,-0.05409235,-0.12877992,0.036864568,-0.64356977,0.016602691,1.8534752,0.0
0,38.17560798678446,0.0,8.455699162747587,1889.0,4,0,13,294814,294814,147407,147407,6409,6409,147407,6409,294814,False,70,23,46232_00000,faaa0e2bcc8049d9affe43b928cab743,2022-12-17_15-33-46,1671291226,89.28935813903809,2065.7562308311462,3349,3dc8d5e2a387,172.17.0.2,2065.7562308311462,0,23,41.18534517288208,147407,147407,294814,294814,38.17560798678446,0.0,8.455699162747587,1889.0,4,0,"[5.9907407407407405, 0.0, 9.316223250433776, 5.496103896103897, 13.55595238095238, 0.0, 2.4642857142857144, 6.066666666666667, 5.3025, 11.801407742584212, 4.915954415954417, 9.384081196581196, 6.0359477124183005, 0.0, 4.479477611940299, 11.815293040293039, 0.0, 14.919552669552669, 11.725225621835794, 6.085714285714285, 0.0, 14.434920634920637, 11.739699425869638, 6.054945054945055, 5.4869281045751634, 13.566785175608706, 23.00450085309774, 11.770251035196686, 0.0, 6.121212121212122, 9.628787878787877, 11.841503267973856, 10.913939393939394, 10.205263157894736, 16.156403940886698, 0.0, 5.339869281045752, 0.0, 6.242857142857143, 5.818181818181819, 11.947619047619048, 22.301257059370652, 0.0, 14.914502164502167, 16.967760180995477, 6.028571428571429, 11.020175438596489, 10.571123321123322, 0.0, 6.074712643678161, 0.0, 20.436423054070115, 20.78214285714286, 6.29047619047619, 4.5, 5.55, 9.473544973544971, 5.704545454545455, 5.955808980755524, 5.083333333333333, 17.84930213284046, 3.6222222222222222, 0.0, 0.0, 5.9, 5.625641025641026, 38.17560798678446, 5.681818181818182, 11.362614379084969, 22.398564102564105]","[1299, 1099, 1399, 1299, 1099, 1099, 1099, 1099, 1199, 2299, 1099, 1399, 1499, 1599, 1799, 1799, 1699, 2099, 2999, 3699, 1199, 1499, 2599, 1699, 1199, 1399, 4699, 1799, 1699, 1299, 1399, 2299, 1599, 1599, 2899, 1299, 2199, 1599, 1499, 1499, 2099, 3899, 1299, 1599, 2499, 1199, 1699, 2199, 1099, 1499, 1899, 2599, 1599, 1199, 2599, 1399, 1399, 1499, 2799, 1399, 3799, 2199, 1399, 1499, 1599, 3199, 4599, 1399, 1899, 3499]",89238.066,84210.434,76.107,21.959,147407,147407,294814,294814,26.58740157480315,25.93070866141732,"[5.9907407407407405, 0.0, 9.316223250433776, 5.496103896103897, 13.55595238095238, 0.0, 2.4642857142857144, 6.066666666666667, 5.3025, 11.801407742584212, 4.915954415954417, 9.384081196581196, 6.0359477124183005, 0.0, 4.479477611940299, 11.815293040293039, 0.0, 14.919552669552669, 11.725225621835794, 6.085714285714285, 0.0, 14.434920634920637, 11.739699425869638, 6.054945054945055, 5.4869281045751634, 13.566785175608706, 23.00450085309774, 11.770251035196686, 0.0, 6.121212121212122, 9.628787878787877, 11.841503267973856, 10.913939393939394, 10.205263157894736, 16.156403940886698, 0.0, 5.339869281045752, 0.0, 6.242857142857143, 5.818181818181819, 11.947619047619048, 22.301257059370652, 0.0, 14.914502164502167, 16.967760180995477, 6.028571428571429, 11.020175438596489, 10.571123321123322, 0.0, 6.074712643678161, 0.0, 20.436423054070115, 20.78214285714286, 6.29047619047619, 4.5, 5.55, 9.473544973544971, 5.704545454545455, 5.955808980755524, 5.083333333333333, 17.84930213284046, 3.6222222222222222, 0.0, 0.0, 5.9, 5.625641025641026, 38.17560798678446, 5.681818181818182, 11.362614379084969, 22.398564102564105]","[1299, 1099, 1399, 1299, 1099, 1099, 1099, 1099, 1199, 2299, 1099, 1399, 1499, 1599, 1799, 1799, 1699, 2099, 2999, 3699, 1199, 1499, 2599, 1699, 1199, 1399, 4699, 1799, 1699, 1299, 1399, 2299, 1599, 1599, 2899, 1299, 2199, 1599, 1499, 1499, 2099, 3899, 1299, 1599, 2499, 1199, 1699, 2199, 1099, 1499, 1899, 2599, 1599, 1199, 2599, 1399, 1399, 1499, 2799, 1399, 3799, 2199, 1399, 1499, 1599, 3199, 4599, 1399, 1899, 3499]",2.278125047683716,4.999999873689376e-05,-0.051667124,-0.14303574,0.045401115,-0.5905539,0.020177785,1.8703436,0.0,2.278125047683716,4.999999873689376e-05,-0.0763901,-0.15039228,0.035041563,-0.582912,0.017102053,1.8554271,0.0
0,38.17560798678446,0.0,8.11333249557361,1888.1891891891892,4,0,13,307632,307632,153816,153816,6409,6409,153816,6409,307632,False,74,24,46232_00000,faaa0e2bcc8049d9affe43b928cab743,2022-12-17_15-35-16,1671291316,89.60599899291992,2155.362229824066,3349,3dc8d5e2a387,172.17.0.2,2155.362229824066,0,24,41.18534517288208,153816,153816,307632,307632,38.17560798678446,0.0,8.11333249557361,1888.1891891891892,4,0,"[5.9907407407407405, 0.0, 9.316223250433776, 5.496103896103897, 13.55595238095238, 0.0, 2.4642857142857144, 6.066666666666667, 5.3025, 11.801407742584212, 4.915954415954417, 9.384081196581196, 6.0359477124183005, 0.0, 4.479477611940299, 11.815293040293039, 0.0, 14.919552669552669, 11.725225621835794, 6.085714285714285, 0.0, 14.434920634920637, 11.739699425869638, 6.054945054945055, 5.4869281045751634, 13.566785175608706, 23.00450085309774, 11.770251035196686, 0.0, 6.121212121212122, 9.628787878787877, 11.841503267973856, 10.913939393939394, 10.205263157894736, 16.156403940886698, 0.0, 5.339869281045752, 0.0, 6.242857142857143, 5.818181818181819, 11.947619047619048, 22.301257059370652, 0.0, 14.914502164502167, 16.967760180995477, 6.028571428571429, 11.020175438596489, 10.571123321123322, 0.0, 6.074712643678161, 0.0, 20.436423054070115, 20.78214285714286, 6.29047619047619, 4.5, 5.55, 9.473544973544971, 5.704545454545455, 5.955808980755524, 5.083333333333333, 17.84930213284046, 3.6222222222222222, 0.0, 0.0, 5.9, 5.625641025641026, 38.17560798678446, 5.681818181818182, 11.362614379084969, 22.398564102564105, 0.0, 0.0, 0.0, 8.48766328011611]","[1299, 1099, 1399, 1299, 1099, 1099, 1099, 1099, 1199, 2299, 1099, 1399, 1499, 1599, 1799, 1799, 1699, 2099, 2999, 3699, 1199, 1499, 2599, 1699, 1199, 1399, 4699, 1799, 1699, 1299, 1399, 2299, 1599, 1599, 2899, 1299, 2199, 1599, 1499, 1499, 2099, 3899, 1299, 1599, 2499, 1199, 1699, 2199, 1099, 1499, 1899, 2599, 1599, 1199, 2599, 1399, 1399, 1499, 2799, 1399, 3799, 2199, 1399, 1499, 1599, 3199, 4599, 1399, 1899, 3499, 1999, 2299, 2099, 1099]",89377.278,84341.433,75.989,22.026,153816,153816,307632,307632,26.59375,25.922656249999996,"[5.9907407407407405, 0.0, 9.316223250433776, 5.496103896103897, 13.55595238095238, 0.0, 2.4642857142857144, 6.066666666666667, 5.3025, 11.801407742584212, 4.915954415954417, 9.384081196581196, 6.0359477124183005, 0.0, 4.479477611940299, 11.815293040293039, 0.0, 14.919552669552669, 11.725225621835794, 6.085714285714285, 0.0, 14.434920634920637, 11.739699425869638, 6.054945054945055, 5.4869281045751634, 13.566785175608706, 23.00450085309774, 11.770251035196686, 0.0, 6.121212121212122, 9.628787878787877, 11.841503267973856, 10.913939393939394, 10.205263157894736, 16.156403940886698, 0.0, 5.339869281045752, 0.0, 6.242857142857143, 5.818181818181819, 11.947619047619048, 22.301257059370652, 0.0, 14.914502164502167, 16.967760180995477, 6.028571428571429, 11.020175438596489, 10.571123321123322, 0.0, 6.074712643678161, 0.0, 20.436423054070115, 20.78214285714286, 6.29047619047619, 4.5, 5.55, 9.473544973544971, 5.704545454545455, 5.955808980755524, 5.083333333333333, 17.84930213284046, 3.6222222222222222, 0.0, 0.0, 5.9, 5.625641025641026, 38.17560798678446, 5.681818181818182, 11.362614379084969, 22.398564102564105, 0.0, 0.0, 0.0, 8.48766328011611]","[1299, 1099, 1399, 1299, 1099, 1099, 1099, 1099, 1199, 2299, 1099, 1399, 1499, 1599, 1799, 1799, 1699, 2099, 2999, 3699, 1199, 1499, 2599, 1699, 1199, 1399, 4699, 1799, 1699, 1299, 1399, 2299, 1599, 1599, 2899, 1299, 2199, 1599, 1499, 1499, 2099, 3899, 1299, 1599, 2499, 1199, 1699, 2199, 1099, 1499, 1899, 2599, 1599, 1199, 2599, 1399, 1399, 1499, 2799, 1399, 3799, 2199, 1399, 1499, 1599, 3199, 4599, 1399, 1899, 3499, 1999, 2299, 2099, 1099]",3.417187452316284,4.999999873689376e-05,-0.065478206,-0.14273933,0.028333204,-0.63055265,0.014318188,1.8577085,0.0,2.278125047683716,4.999999873689376e-05,-0.10607984,-0.16301957,0.018295119,-0.73031986,0.01696334,1.8441265,0.0
